{"version": 1, "loss": {"0": 1353.1131591796875}, "evaluations": {"mcts vs random": {"0": {"non_defeat_rate": 0.61, "win_rate": 0.6, "mean": 1.8346666666666667, "std": 29.138691315080635}}}}