{"version": 8, "evaluations": {"mcts vs random": {"0": {"non_defeat_rate": 0.55, "mean": 0.08, "std": 29.850353431743482}, "1": {"non_defeat_rate": 0.6175, "mean": 0.8675, "std": 28.256679630664323}, "2": {"non_defeat_rate": 0.5825, "mean": -0.2625, "std": 28.168485826362765}, "3": {"non_defeat_rate": 0.6075, "mean": 0.7475, "std": 24.80662701275609}, "4": {"non_defeat_rate": 0.59, "mean": 2.2, "std": 28.75178255343484}, "5": {"non_defeat_rate": 0.593, "mean": 1.195, "std": 29.834627113473363}, "6": {"non_defeat_rate": 0.6166666666666667, "mean": 0.906, "std": 33.17152138004325}, "7": {"non_defeat_rate": 0.616, "win_rate": 0.6023333333333334, "mean": 1.7756666666666667, "std": 34.58304991209165}}}}